BX26,2006,2879	
QN21,2006,1037	
BK46,2007,575	
BK91,2007,2674	
BX98,2007,131	
MN33,2007,4977	
QN48,2007,635	
SI05,2007,1895	
BK81,2008,6699	
BX06,2008,2015	
MN23,2008,7143	
QN01,2008,2700	
QN38,2008,1242	
MN11,2009,5692	
QN26,2009,2222	
QN71,2009,1066	
MN11,2010,5351	
QN26,2010,2300	
QN71,2010,1155	
BK96,2011,3254	
MN01,2011,2737	
QN61,2011,4633	
QN98,2011,90	
BX09,2012,4358	
BK29,2013,1806	
BX44,2013,3662	
QN76,2013,2279	
BK17,2014,2704	
BK99,2014,876	
MN04,2014,3526	
QN19,2014,1178	
BX22,2015,700	
BX59,2015,1703	
QN54,2015,3058	
SI11,2015,812	
SI48,2015,450	
BX27,2006,3741	
QN22,2006,3164	
BX17,2007,4855	
BX62,2007,1972	
BX99,2007,1330	
MN34,2007,7639	
QN12,2007,2284	
QN49,2007,1084	
BK37,2008,3764	
BK82,2008,8707	
BX07,2008,2109	
BX52,2008,2277	
MN24,2008,5771	
QN02,2008,1430	
BK25,2009,1594	
BX40,2009,3071	
MN12,2009,5757	
QN27,2009,1239	
QN72,2009,1499	
BK25,2010,1349	
BX40,2010,3134	
MN12,2010,5604	
QN27,2010,1279	
QN72,2010,1534	
BK60,2011,4812	
BX30,2011,1996	
QN17,2011,2165	
QN62,2011,585	
QN99,2011,768	
BK85,2012,3556	
BX55,2012,3242	
MN27,2012,3496	
QN05,2012,1013	
QN50,2012,815	
BK75,2013,5090	
MN17,2013,13922	
MN99,2013,1155	
BK63,2014,2365	
BX33,2014,3027	
MN50,2014,162	
SI22,2014,2937	
MN40,2015,2480	
QN55,2015,3724	
SI12,2015,2449	
BK21,2006,3039	
BK58,2006,3609	
BX28,2006,2430	
QN23,2006,892	
SI99,2006,9	
BK93,2007,662	
BX63,2007,3646	
MN35,2007,3097	
SI07,2007,1029	
BK38,2008,4827	
BK83,2008,3131	
BX08,2008,3108	
MN25,2008,3009	
QN03,2008,1398	
BK26,2009,1308	
BX41,2009,4689	
MN13,2009,7299	
NA,2009,17966	
QN28,2009,4523	
BK26,2010,1245	
BX41,2010,4360	
MN13,2010,6966	
QN28,2010,4759	
BK61,2011,10116	
BX31,2011,1487	
MN03,2011,7430	
QN18,2011,1147	
QN63,2011,1619	
MN28,2012,4776	
QN06,2012,949	
QN51,2012,1051	
SI45,2012,1245	
BK76,2013,1529	
BX46,2013,1360	
QN41,2013,410	
SI35,2013,932	
BK19,2014,1415	
BK64,2014,832	
BX34,2014,4854	
MN06,2014,1980	
QN66,2014,1094	
BK09,2015,963	
QN56,2015,1031	
BX29,2006,1654	
MN36,2007,5276	
SI08,2007,1266	
BX09,2008,4722	
BK27,2009,1240	
BK72,2009,767	
MN14,2009,2551	
QN29,2009,3570	
BK27,2010,1060	
BK72,2010,844	
MN14,2010,2725	
QN29,2010,3839	
BK17,2011,2725	
BK99,2011,1009	
MN04,2011,3656	
QN19,2011,1619	
BK50,2012,4950	
QN07,2012,1032	
QN52,2012,556	
BK40,2013,460	
BK77,2013,3417	
BX10,2013,905	
MN19,2013,2493	
QN42,2013,606	
SI36,2013,959	
BX35,2014,3296	
QN30,2014,1151	
SI24,2014,1590	
QN20,2015,2825	
QN57,2015,886	
SI14,2015,741	
BK23,2006,660	
BX75,2006,2024	
QN25,2006,1695	
QN70,2006,3706	
BK95,2007,2654	
QN15,2007,2838	
QN60,2007,688	
SI54,2007,1478	
BK85,2008,2852	
BX55,2008,3373	
MN27,2008,3498	
QN05,2008,992	
QN50,2008,993	
BK28,2009,2768	
BK73,2009,2625	
BX43,2009,2727	
MN15,2009,3706	
SI32,2009,797	
BK28,2010,2544	
BK73,2010,2843	
BX43,2010,2573	
MN15,2010,3827	
SI32,2010,799	
BK63,2011,2470	
BX33,2011,2817	
MN50,2011,179	
SI22,2011,2884	
BK88,2012,2265	
QN08,2012,2737	
QN53,2012,2180	
BK41,2013,980	
BK78,2013,5166	
QN43,2013,694	
SI37,2013,2086	
BX36,2014,3242	
QN31,2014,3314	
QN68,2014,1709	
SI25,2014,609	
BX26,2015,2582	
QN21,2015,736	
MN11,2006,5242	
QN26,2006,2352	
QN71,2006,1269	
BK96,2007,3015	
MN01,2007,2343	
QN61,2007,4478	
QN98,2007,764	
MN28,2008,5128	
QN06,2008,981	
QN51,2008,1253	
SI45,2008,1547	
BK29,2009,1926	
BX44,2009,3909	
QN76,2009,2234	
BK29,2010,1758	
BX44,2010,3867	
QN76,2010,2179	
BK19,2011,1470	
BK64,2011,838	
BX34,2011,4374	
MN06,2011,2165	
QN66,2011,1056	
BX22,2012,709	
BX59,2012,1738	
QN54,2012,3039	
SI11,2012,886	
SI48,2012,566	
BK42,2013,4958	
BK79,2013,3937	
BX49,2013,1402	
QN44,2013,461	
SI01,2013,747	
BK30,2014,1075	
BX37,2014,2006	
MN09,2014,2281	
BX27,2015,3366	
QN22,2015,3309	
BK25,2006,1718	
BX40,2006,3310	
MN12,2006,6139	
QN27,2006,1232	
QN72,2006,1799	
BK60,2007,4767	
BX30,2007,2293	
QN17,2007,2733	
QN62,2007,658	
QN99,2007,726	
BK50,2008,4909	
QN07,2008,984	
QN52,2008,623	
BK75,2009,5351	
MN17,2009,14629	
MN99,2009,1392	
BK75,2010,5710	
MN17,2010,14653	
MN99,2010,1393	
BX35,2011,3399	
QN30,2011,1277	
SI24,2011,1619	
MN40,2012,2720	
NA,2012,19338	
QN55,2012,3917	
SI12,2012,1775	
BK43,2013,1549	
BX13,2013,1758	
QN45,2013,553	
BK31,2014,3207	
BK68,2014,2775	
BX01,2014,3097	
QN33,2014,711	
BK21,2015,2876	
BK58,2015,3091	
BX28,2015,2124	
QN23,2015,664	
SI99,2015,3	
BK26,2006,1454	
BX41,2006,5238	
MN13,2006,8423	
QN28,2006,4684	
BK61,2007,10309	
BX31,2007,1440	
MN03,2007,7792	
QN18,2007,1132	
QN63,2007,1868	
BK88,2008,2490	
QN08,2008,2641	
QN53,2008,2558	
BK76,2009,1417	
BX46,2009,1612	
QN41,2009,536	
SI35,2009,979	
BK76,2010,1378	
BX46,2010,1478	
QN41,2010,536	
SI35,2010,894	
BX36,2011,3787	
QN31,2011,3277	
QN68,2011,1706	
SI25,2011,730	
BK09,2012,838	
QN56,2012,1193	
BK44,2013,1148	
BX14,2013,5096	
MN31,2013,1870	
QN46,2013,1220	
BK32,2014,2944	
BK69,2014,2275	
BX39,2014,6243	
QN34,2014,2030	
SI28,2014,1602	
BX29,2015,1649	
BK27,2006,1343	
BK72,2006,805	
MN14,2006,2659	
QN29,2006,3827	
BK17,2007,3490	
BK99,2007,929	
MN04,2007,4170	
QN19,2007,1307	
BX22,2008,685	
BX59,2008,1923	
QN54,2008,3390	
SI11,2008,978	
SI48,2008,805	
BK40,2009,589	
BK77,2009,3240	
BX10,2009,1044	
MN19,2009,2589	
QN42,2009,724	
SI36,2009,1134	
BK40,2010,600	
BK77,2010,3218	
BX10,2010,1026	
MN19,2010,2491	
QN42,2010,628	
SI36,2010,1025	
BK30,2011,1107	
BX37,2011,2060	
MN09,2011,2609	
QN20,2012,4044	
QN57,2012,944	
SI14,2012,731	
BK45,2013,1947	
BK90,2013,2591	
MN32,2013,1517	
QN10,2013,1065	
QN47,2013,368	
BK33,2014,2165	
BX03,2014,1803	
MN20,2014,2443	
QN35,2014,1195	
BK23,2015,1005	
BX75,2015,1724	
QN25,2015,1460	
QN70,2015,3305	
BK28,2006,3339	
BK73,2006,2734	
BX43,2006,2794	
MN15,2006,4026	
SI32,2006,844	
BK63,2007,2518	
BX33,2007,2942	
MN50,2007,190	
SI22,2007,2959	
MN40,2008,2921	
QN55,2008,3895	
SI12,2008,2139	
BK41,2009,955	
BK78,2009,5049	
QN43,2009,769	
SI37,2009,2057	
BK41,2010,1113	
BK78,2010,5164	
QN43,2010,655	
SI37,2010,2349	
BK31,2011,3271	
BK68,2011,2574	
BX01,2011,2808	
QN33,2011,662	
BX26,2012,2594	
QN21,2012,1204	
BK46,2013,556	
BK91,2013,2732	
BX98,2013,1249	
MN33,2013,4554	
QN48,2013,483	
SI05,2013,1374	
BK34,2014,2354	
MN21,2014,1667	
MN11,2015,4664	
QN26,2015,2148	
QN71,2015,1227	
BK29,2006,2431	
BX44,2006,3627	
QN76,2006,2307	
BK19,2007,1613	
BK64,2007,927	
BX34,2007,4858	
MN06,2007,2462	
NA,2007,22216	
QN66,2007,998	
BK09,2008,942	
QN56,2008,1208	
BK42,2009,5169	
BK79,2009,3891	
BX49,2009,1462	
QN44,2009,465	
SI01,2009,980	
BK42,2010,5104	
BK79,2010,4067	
BX49,2010,1580	
QN44,2010,404	
SI01,2010,945	
BK32,2011,2692	
BK69,2011,2194	
BX39,2011,5909	
QN34,2011,2034	
SI28,2011,1328	
BX27,2012,3773	
QN22,2012,3087	
BX17,2013,3994	
BX62,2013,1835	
BX99,2013,1338	
MN34,2013,7442	
QN12,2013,2312	
QN49,2013,835	
BK35,2014,5746	
BX05,2014,4195	
MN22,2014,2728	
QN37,2014,974	
BK25,2015,1412	
BX40,2015,2459	
MN12,2015,5243	
QN27,2015,902	
QN72,2015,1863	
BK75,2006,5555	
MN17,2006,15108	
MN99,2006,1204	
BX35,2007,3468	
QN30,2007,1113	
SI24,2007,2032	
QN20,2008,3511	
QN57,2008,913	
SI14,2008,858	
BK43,2009,1648	
BX13,2009,2265	
QN45,2009,571	
BK43,2010,1534	
BX13,2010,2242	
QN45,2010,544	
BK33,2011,2372	
BX03,2011,1611	
MN20,2011,2294	
QN35,2011,1244	
BK21,2012,2670	
BK58,2012,3167	
BX28,2012,2290	
QN23,2012,789	
SI99,2012,6	
BK93,2013,517	
BX63,2013,3377	
MN35,2013,2762	
SI07,2013,723	
BK81,2014,6340	
BX06,2014,2415	
MN23,2014,5810	
QN01,2014,2720	
QN38,2014,1047	
BK26,2015,1306	
BX41,2015,4149	
MN13,2015,6696	
QN28,2015,4356	
BK76,2006,1735	
BX46,2006,1636	
QN41,2006,568	
SI35,2006,1165	
BX36,2007,4524	
QN31,2007,3770	
QN68,2007,1803	
SI25,2007,790	
BX26,2008,2893	
QN21,2008,1037	
BK44,2009,1325	
BX14,2009,5562	
MN31,2009,1596	
QN46,2009,1391	
BK44,2010,1274	
BX14,2010,5914	
MN31,2010,1654	
QN46,2010,1286	
BK34,2011,2458	
MN21,2011,1874	
BX29,2012,1441	
MN36,2013,4385	
SI08,2013,1274	
BK37,2014,3315	
BK82,2014,9859	
BX07,2014,1974	
BX52,2014,2094	
MN24,2014,4938	
QN02,2014,1310	
BK27,2015,1190	
BK72,2015,786	
MN14,2015,2463	
QN29,2015,3624	
BK40,2006,698	
BK77,2006,3754	
BX10,2006,982	
MN19,2006,2951	
QN42,2006,763	
SI36,2006,1204	
BK30,2007,1145	
BX37,2007,2299	
MN09,2007,3081	
BX27,2008,4333	
QN22,2008,2969	
BK45,2009,2195	
BK90,2009,2461	
MN32,2009,1681	
QN10,2009,1120	
QN47,2009,448	
BK45,2010,2061	
BK90,2010,2535	
MN32,2010,1690	
QN10,2010,1049	
QN47,2010,380	
BK35,2011,6124	
BX05,2011,4769	
MN22,2011,3147	
QN37,2011,952	
BK23,2012,668	
BX75,2012,1817	
QN25,2012,1485	
QN70,2012,3391	
BK95,2013,2513	
QN15,2013,2952	
QN60,2013,670	
SI54,2013,1261	
BK38,2014,4573	
BK83,2014,3236	
BX08,2014,2452	
MN25,2014,2431	
QN03,2014,1123	
BK28,2015,2551	
BK73,2015,3196	
BX43,2015,2848	
MN15,2015,3908	
SI32,2015,545	
BK41,2006,1126	
BK78,2006,5161	
QN43,2006,831	
SI37,2006,2303	
BK31,2007,3834	
BK68,2007,2495	
BX01,2007,3270	
QN33,2007,709	
BK21,2008,2906	
BK58,2008,3564	
BX28,2008,2705	
QN23,2008,966	
SI99,2008,14	
BK46,2009,672	
BK91,2009,2676	
BX98,2009,137	
MN33,2009,4866	
QN48,2009,581	
SI05,2009,1596	
BK46,2010,537	
BK91,2010,2770	
BX98,2010,122	
MN33,2010,4715	
NA,2010,18584	
QN48,2010,525	
SI05,2010,1503	
BK81,2011,7480	
BX06,2011,1985	
MN23,2011,6287	
QN01,2011,2604	
QN38,2011,1098	
MN11,2012,4903	
QN26,2012,2062	
QN71,2012,1225	
BK96,2013,3267	
MN01,2013,2807	
QN61,2013,5299	
QN98,2013,118	
BX09,2014,3948	
BK29,2015,1907	
BX44,2015,3952	
QN76,2015,1853	
BK42,2006,6121	
BK79,2006,3479	
BX49,2006,1639	
QN44,2006,665	
SI01,2006,1077	
BK32,2007,3015	
BK69,2007,2530	
BX39,2007,6801	
QN34,2007,2127	
SI28,2007,1482	
BX29,2008,1914	
BX17,2009,4072	
BX62,2009,1936	
BX99,2009,1389	
MN34,2009,7509	
QN12,2009,2390	
QN49,2009,1008	
BX17,2010,4054	
BX62,2010,2048	
BX99,2010,1408	
MN34,2010,7695	
QN12,2010,2235	
QN49,2010,945	
BK37,2011,3475	
BK82,2011,9627	
BX07,2011,2060	
BX52,2011,2093	
MN24,2011,5332	
QN02,2011,1176	
BK25,2012,1418	
BX40,2012,2523	
MN12,2012,5273	
QN27,2012,1126	
QN72,2012,1687	
BK60,2013,4715	
BX30,2013,1843	
QN17,2013,2088	
QN62,2013,554	
QN99,2013,825	
BK85,2014,3497	
BX55,2014,3002	
MN27,2014,3221	
QN05,2014,950	
QN50,2014,845	
BK75,2015,4370	
MN17,2015,12763	
MN99,2015,1272	
BK43,2006,1814	
BX13,2006,2294	
QN45,2006,725	
BK33,2007,2477	
BX03,2007,1909	
MN20,2007,2910	
QN35,2007,1578	
BK23,2008,689	
BX75,2008,1915	
QN25,2008,1605	
QN70,2008,3411	
BK93,2009,638	
BX63,2009,3803	
MN35,2009,2979	
SI07,2009,865	
BK93,2010,645	
BX63,2010,4016	
MN35,2010,2813	
SI07,2010,877	
BK38,2011,4968	
BK83,2011,3083	
BX08,2011,2764	
MN25,2011,2719	
QN03,2011,1122	
BK26,2012,1328	
BX41,2012,4426	
MN13,2012,7264	
QN28,2012,4424	
BK61,2013,10126	
BX31,2013,1381	
MN03,2013,6559	
QN18,2013,1278	
QN63,2013,1672	
MN28,2014,4362	
QN06,2014,802	
QN51,2014,1133	
SI45,2014,1051	
BK76,2015,1536	
BX46,2015,1313	
QN41,2015,417	
SI35,2015,835	
BK44,2006,1526	
BX14,2006,5834	
MN31,2006,2347	
QN46,2006,1587	
BK34,2007,2303	
MN21,2007,2122	
MN11,2008,5188	
QN26,2008,2224	
QN71,2008,1192	
MN36,2009,4754	
SI08,2009,1151	
MN36,2010,4483	
SI08,2010,1250	
BX09,2011,4865	
BK27,2012,1118	
BK72,2012,737	
MN14,2012,2764	
QN29,2012,3567	
BK17,2013,2666	
BK99,2013,825	
MN04,2013,3795	
QN19,2013,1230	
BK50,2014,4593	
QN07,2014,915	
QN52,2014,555	
BK40,2015,537	
BK77,2015,3049	
BX10,2015,906	
MN19,2015,2279	
QN42,2015,512	
SI36,2015,929	
BK45,2006,2555	
BK90,2006,2574	
MN32,2006,2335	
QN10,2006,1078	
QN47,2006,390	
BK35,2007,5924	
BX05,2007,4264	
MN22,2007,2979	
QN37,2007,1302	
BK25,2008,1730	
BX40,2008,3301	
MN12,2008,6231	
QN27,2008,1238	
QN72,2008,1729	
BK95,2009,2483	
QN15,2009,2491	
QN60,2009,656	
SI54,2009,1382	
BK95,2010,2567	
QN15,2010,2495	
QN60,2010,745	
SI54,2010,1401	
BK85,2011,3291	
BX55,2011,3422	
MN27,2011,3297	
QN05,2011,877	
QN50,2011,904	
BK28,2012,2524	
BK73,2012,3195	
BX43,2012,2629	
MN15,2012,3932	
SI32,2012,722	
BK63,2013,2400	
BX33,2013,2814	
MN50,2013,218	
SI22,2013,3028	
BK88,2014,2139	
QN08,2014,2560	
QN53,2014,2286	
BK41,2015,1020	
BK78,2015,4656	
QN43,2015,654	
SI37,2015,2113	
BK46,2006,662	
BK91,2006,2869	
BX98,2006,395	
MN33,2006,4683	
QN48,2006,707	
SI05,2006,1852	
BK81,2007,6334	
BX06,2007,2164	
MN23,2007,7253	
QN01,2007,2674	
QN38,2007,1272	
BK26,2008,1484	
BX41,2008,5084	
MN13,2008,8114	
QN28,2008,4647	
BK96,2009,3198	
MN01,2009,2630	
QN61,2009,4459	
QN98,2009,64	
BK96,2010,2917	
MN01,2010,2510	
QN61,2010,4474	
QN98,2010,124	
MN28,2011,4476	
QN06,2011,877	
QN51,2011,1144	
SI45,2011,1201	
BK29,2012,1850	
BX44,2012,3732	
QN76,2012,2160	
BK19,2013,1408	
BK64,2013,867	
BX34,2013,4727	
MN06,2013,2277	
QN66,2013,1043	
BX22,2014,630	
BX59,2014,1607	
QN54,2014,2948	
SI11,2014,793	
SI48,2014,512	
BK42,2015,5179	
BK79,2015,3555	
BX49,2015,1457	
NA,2015,8880	
QN44,2015,467	
SI01,2015,755	
BX17,2006,3691	
BX62,2006,1968	
BX99,2006,1196	
MN34,2006,6714	
QN12,2006,2337	
QN49,2006,982	
BK37,2007,3676	
BK82,2007,8642	
BX07,2007,2110	
BX52,2007,2265	
MN24,2007,5663	
QN02,2007,1367	
BK27,2008,1330	
BK72,2008,757	
MN14,2008,2658	
QN29,2008,3896	
BK60,2009,4605	
BX30,2009,2077	
QN17,2009,2110	
QN62,2009,610	
QN99,2009,806	
BK60,2010,4947	
BX30,2010,2398	
QN17,2010,2097	
QN62,2010,601	
QN99,2010,835	
BK50,2011,4775	
QN07,2011,967	
QN52,2011,588	
BK75,2012,5486	
MN17,2012,14036	
MN99,2012,1220	
BX35,2013,2948	
QN30,2013,1096	
SI24,2013,1576	
MN40,2014,2388	
QN55,2014,3876	
SI12,2014,2170	
BK43,2015,1350	
BX13,2015,2338	
QN45,2015,463	
BK93,2006,599	
BX63,2006,3795	
MN35,2006,2912	
SI07,2006,1063	
BK38,2007,5003	
BK83,2007,3050	
BX08,2007,3374	
MN25,2007,3138	
QN03,2007,1239	
BK28,2008,3024	
BK73,2008,3092	
BX43,2008,2569	
MN15,2008,3838	
SI32,2008,925	
BK61,2009,9444	
BX31,2009,1427	
MN03,2009,8260	
QN18,2009,876	
QN63,2009,1722	
BK61,2010,9764	
BX31,2010,1450	
MN03,2010,7712	
QN18,2010,1075	
QN63,2010,1756	
BK88,2011,2336	
QN08,2011,2739	
QN53,2011,2225	
BK76,2012,1430	
BX46,2012,1385	
QN41,2012,440	
SI35,2012,952	
BX36,2013,3315	
QN31,2013,3349	
QN68,2013,1761	
SI25,2013,726	
BK09,2014,894	
QN56,2014,1109	
BK44,2015,1091	
BX14,2015,4649	
MN31,2015,1623	
QN46,2015,1205	
MN36,2006,5445	
SI08,2006,1273	
BX09,2007,4696	
BK29,2008,2037	
BX44,2008,3902	
QN76,2008,2427	
BK17,2009,3144	
BK99,2009,1028	
MN04,2009,4377	
QN19,2009,1355	
BK17,2010,2816	
BK99,2010,977	
MN04,2010,3944	
QN19,2010,1509	
BX22,2011,717	
BX59,2011,1927	
QN54,2011,2942	
SI11,2011,853	
SI48,2011,683	
BK40,2012,512	
BK77,2012,3374	
BX10,2012,1013	
MN19,2012,2574	
QN42,2012,607	
SI36,2012,1070	
BK30,2013,1166	
BX37,2013,1889	
MN09,2013,2594	
QN20,2014,3221	
QN57,2014,999	
SI14,2014,720	
BK45,2015,1800	
BK90,2015,2608	
MN32,2015,1423	
QN10,2015,1049	
QN47,2015,352	
BK95,2006,2580	
QN15,2006,2703	
QN60,2006,736	
SI54,2006,1576	
BK85,2007,2957	
BX55,2007,3678	
MN27,2007,3396	
QN05,2007,1012	
QN50,2007,1102	
BK75,2008,5853	
MN17,2008,14658	
MN99,2008,1324	
BK63,2009,2422	
BX33,2009,2807	
MN50,2009,205	
SI22,2009,2842	
BK63,2010,2592	
BX33,2010,2778	
MN50,2010,210	
SI22,2010,3001	
MN40,2011,2605	
QN55,2011,3518	
SI12,2011,1875	
BK41,2012,1101	
BK78,2012,5548	
QN43,2012,679	
SI37,2012,2368	
BK31,2013,3489	
BK68,2013,2660	
BX01,2013,3084	
QN33,2013,736	
BX26,2014,2412	
QN21,2014,971	
BK46,2015,486	
BK91,2015,2936	
BX98,2015,1198	
MN33,2015,4545	
QN48,2015,442	
SI05,2015,1492	
BK96,2006,3576	
MN01,2006,2361	
QN61,2006,4768	
QN98,2006,126	
MN28,2007,4984	
QN06,2007,936	
QN51,2007,1345	
SI45,2007,1443	
BK76,2008,1480	
BX46,2008,1730	
QN41,2008,571	
SI35,2008,951	
BK19,2009,1536	
BK64,2009,843	
BX34,2009,4696	
MN06,2009,2320	
QN66,2009,1153	
BK19,2010,1512	
BK64,2010,822	
BX34,2010,4695	
MN06,2010,2170	
QN66,2010,1080	
BK09,2011,866	
QN56,2011,1072	
BK42,2012,5186	
BK79,2012,4544	
BX49,2012,1355	
QN44,2012,406	
SI01,2012,853	
BK32,2013,2899	
BK69,2013,2252	
BX39,2013,6080	
QN34,2013,2093	
SI28,2013,1397	
BX27,2014,3767	
QN22,2014,3183	
BX17,2015,4055	
BX62,2015,1980	
BX99,2015,1249	
MN34,2015,7640	
QN12,2015,2730	
QN49,2015,814	
BK60,2006,4790	
BX30,2006,1923	
QN17,2006,2722	
QN62,2006,715	
QN99,2006,727	
BK50,2007,4719	
QN07,2007,858	
QN52,2007,617	
BK40,2008,704	
BK77,2008,3529	
BX10,2008,1097	
MN19,2008,2855	
QN42,2008,726	
SI36,2008,1335	
BX35,2009,3127	
QN30,2009,1108	
SI24,2009,1758	
BX35,2010,3042	
QN30,2010,1146	
SI24,2010,1730	
QN20,2011,4485	
QN57,2011,891	
SI14,2011,708	
BK43,2012,1640	
BX13,2012,1843	
QN45,2012,569	
BK33,2013,2165	
BX03,2013,1707	
MN20,2013,2452	
QN35,2013,1220	
BK21,2014,2768	
BK58,2014,2847	
BX28,2014,2145	
QN23,2014,801	
SI99,2014,3	
BK93,2015,467	
BX63,2015,3842	
MN35,2015,2840	
SI07,2015,737	
BK61,2006,9747	
BX31,2006,1390	
MN03,2006,7572	
QN18,2006,1197	
QN63,2006,1771	
BK88,2007,2501	
QN08,2007,2566	
QN53,2007,2507	
BK41,2008,1119	
BK78,2008,5432	
QN43,2008,728	
SI37,2008,2102	
BX36,2009,4564	
QN31,2009,3406	
QN68,2009,1745	
SI25,2009,752	
BX36,2010,3841	
QN31,2010,3748	
QN68,2010,1728	
SI25,2010,765	
BX26,2011,2778	
QN21,2011,1095	
BK44,2012,1302	
BX14,2012,5517	
MN31,2012,1890	
QN46,2012,1144	
BK34,2013,2599	
MN21,2013,1793	
BX29,2014,1568	
MN36,2015,4018	
SI08,2015,1098	
BK17,2006,3483	
BK99,2006,868	
MN04,2006,4352	
QN19,2006,1344	
BX22,2007,808	
BX59,2007,1889	
QN54,2007,3296	
SI11,2007,972	
SI48,2007,797	
BK42,2008,5507	
BK79,2008,3800	
BX49,2008,1464	
QN44,2008,500	
SI01,2008,1089	
BK30,2009,1230	
BX37,2009,2215	
MN09,2009,3010	
BK30,2010,1216	
BX37,2010,2163	
MN09,2010,2761	
BX27,2011,3969	
QN22,2011,2961	
BK45,2012,1966	
BK90,2012,2612	
MN32,2012,1674	
QN10,2012,1228	
QN47,2012,356	
BK35,2013,6266	
BX05,2013,4154	
MN22,2013,3033	
NA,2013,18580	
QN37,2013,1053	
BK23,2014,701	
BX75,2014,1836	
QN25,2014,1577	
QN70,2014,3610	
BK95,2015,2440	
QN15,2015,3064	
QN60,2015,660	
SI54,2015,1092	
BK63,2006,2728	
BX33,2006,2393	
MN50,2006,195	
SI22,2006,3021	
MN40,2007,3402	
QN55,2007,4491	
SI12,2007,1882	
BK43,2008,1663	
BX13,2008,2100	
QN45,2008,583	
BK31,2009,3720	
BK68,2009,2284	
BX01,2009,3249	
QN33,2009,719	
BK31,2010,3544	
BK68,2010,2435	
BX01,2010,3072	
QN33,2010,716	
BK21,2011,2761	
BK58,2011,3255	
BX28,2011,2577	
QN23,2011,798	
SI99,2011,6	
BK46,2012,574	
BK91,2012,2627	
BX98,2012,753	
MN33,2012,4369	
QN48,2012,488	
SI05,2012,1360	
BK81,2013,6713	
BX06,2013,2067	
MN23,2013,6574	
QN01,2013,2841	
QN38,2013,1154	
MN11,2014,4728	
QN26,2014,2396	
QN71,2014,1305	
BK96,2015,3394	
MN01,2015,2758	
QN61,2015,5279	
QN98,2015,83	
BK19,2006,1737	
BK64,2006,856	
BX34,2006,4947	
MN06,2006,2309	
QN66,2006,1094	
BK09,2007,1112	
QN56,2007,1348	
BK44,2008,1532	
BX14,2008,5656	
MN31,2008,2111	
QN46,2008,1373	
BK32,2009,2789	
BK69,2009,2082	
BX39,2009,6704	
QN34,2009,2090	
SI28,2009,1476	
BK32,2010,2897	
BK69,2010,2286	
BX39,2010,6254	
QN34,2010,1979	
SI28,2010,1465	
BX29,2011,1508	
BX17,2012,3906	
BX62,2012,2128	
BX99,2012,1292	
MN34,2012,7675	
QN12,2012,2312	
QN49,2012,860	
BK37,2013,3156	
BK82,2013,9519	
BX07,2013,2173	
BX52,2013,2089	
MN24,2013,5369	
QN02,2013,1374	
BK25,2014,1347	
BX40,2014,2660	
MN12,2014,5156	
QN27,2014,1180	
QN72,2014,1769	
BK60,2015,4469	
BX30,2015,1867	
QN17,2015,1982	
QN62,2015,532	
QN99,2015,815	
BX35,2006,3772	
QN30,2006,1197	
SI24,2006,1982	
QN20,2007,3445	
QN57,2007,1014	
SI14,2007,893	
BK45,2008,2395	
BK90,2008,2490	
MN32,2008,1853	
QN10,2008,1123	
QN47,2008,411	
BK33,2009,2300	
BX03,2009,1913	
MN20,2009,2729	
QN35,2009,1378	
BK33,2010,2375	
BX03,2010,1831	
MN20,2010,2569	
QN35,2010,1367	
BK23,2011,627	
BX75,2011,1858	
QN25,2011,1407	
QN70,2011,3020	
BK93,2012,482	
BX63,2012,3450	
MN35,2012,2772	
SI07,2012,794	
BK38,2013,4923	
BK83,2013,3102	
BX08,2013,2491	
MN25,2013,2584	
QN03,2013,1074	
BK26,2014,1294	
BX41,2014,4226	
MN13,2014,6801	
QN28,2014,4778	
BK61,2015,8563	
BX31,2015,1342	
MN03,2015,7057	
QN18,2015,1049	
QN63,2015,1574	
BX36,2006,4677	
QN31,2006,3856	
QN68,2006,1843	
SI25,2006,886	
BX26,2007,2599	
QN21,2007,1008	
BK46,2008,683	
BK91,2008,2599	
BX98,2008,91	
MN33,2008,4814	
NA,2008,17660	
QN48,2008,629	
SI05,2008,1841	
BK34,2009,2399	
MN21,2009,2051	
BK34,2010,2590	
MN21,2010,1947	
MN11,2011,4677	
QN26,2011,2213	
QN71,2011,1126	
MN36,2012,4269	
SI08,2012,1209	
BX09,2013,4267	
BK27,2014,1110	
BK72,2014,748	
MN14,2014,2697	
QN29,2014,3436	
BK17,2015,2442	
BK99,2015,765	
MN04,2015,3361	
QN19,2015,1017	
BK30,2006,1234	
BX37,2006,2216	
MN09,2006,3238	
BX27,2007,4354	
QN22,2007,3200	
BX17,2008,4122	
BX62,2008,2021	
BX99,2008,1335	
MN34,2008,7508	
QN12,2008,2370	
QN49,2008,1059	
BK35,2009,6195	
BX05,2009,4258	
MN22,2009,3188	
QN37,2009,1171	
BK35,2010,6744	
BX05,2010,4809	
MN22,2010,3114	
QN37,2010,1117	
BK25,2011,1305	
BX40,2011,2862	
MN12,2011,4871	
QN27,2011,1171	
QN72,2011,1677	
BK95,2012,2551	
QN15,2012,2765	
QN60,2012,677	
SI54,2012,1322	
BK85,2013,3422	
BX55,2013,3013	
MN27,2013,3374	
QN05,2013,1005	
QN50,2013,928	
BK28,2014,2742	
BK73,2014,3291	
BX43,2014,2751	
MN15,2014,4101	
SI32,2014,627	
BK63,2015,2430	
BX33,2015,2798	
MN50,2015,224	
SI22,2015,2951	
BK31,2006,3838	
BK68,2006,2508	
BX01,2006,3011	
QN33,2006,815	
BK21,2007,2781	
BK58,2007,3508	
BX28,2007,2629	
QN23,2007,869	
SI99,2007,8	
BK93,2008,624	
BX63,2008,3809	
MN35,2008,3014	
SI07,2008,924	
BK81,2009,7435	
BX06,2009,2196	
MN23,2009,6579	
QN01,2009,2498	
QN38,2009,1168	
BK81,2010,7230	
BX06,2010,2201	
MN23,2010,6465	
QN01,2010,2766	
QN38,2010,1217	
BK26,2011,1340	
BX41,2011,4296	
MN13,2011,7001	
QN28,2011,4639	
BK96,2012,3269	
MN01,2012,2816	
QN61,2012,4514	
QN98,2012,43	
MN28,2013,4311	
QN06,2013,941	
QN51,2013,1159	
SI45,2013,1065	
BK29,2014,1925	
BX44,2014,3764	
QN76,2014,2129	
BK19,2015,1384	
BK64,2015,748	
BX34,2015,5084	
MN06,2015,1768	
QN66,2015,1158	
BK32,2006,3140	
BK69,2006,2580	
BX39,2006,6986	
QN34,2006,2207	
SI28,2006,1523	
BX29,2007,1813	
MN36,2008,5165	
SI08,2008,1324	
BK37,2009,3222	
BK82,2009,9130	
BX07,2009,2049	
BX52,2009,2166	
MN24,2009,5571	
QN02,2009,1291	
BK37,2010,3493	
BK82,2010,9136	
BX07,2010,2154	
BX52,2010,2292	
MN24,2010,5732	
QN02,2010,1391	
BK27,2011,1070	
BK72,2011,758	
MN14,2011,2546	
QN29,2011,3761	
BK60,2012,4703	
BX30,2012,1868	
QN17,2012,2229	
QN62,2012,585	
QN99,2012,818	
BK50,2013,4697	
QN07,2013,1027	
QN52,2013,530	
BK75,2014,4810	
MN17,2014,13273	
MN99,2014,1185	
BX35,2015,3257	
QN30,2015,973	
SI24,2015,1357	
BK33,2006,2725	
BX03,2006,2051	
MN20,2006,2982	
QN35,2006,1665	
BK23,2007,669	
BX75,2007,2252	
QN25,2007,1612	
QN70,2007,3972	
BK95,2008,2544	
QN15,2008,2682	
QN60,2008,704	
SI54,2008,1650	
BK38,2009,4467	
BK83,2009,3271	
BX08,2009,3069	
MN25,2009,2802	
QN03,2009,1085	
BK38,2010,4874	
BK83,2010,3164	
BX08,2010,2851	
MN25,2010,2548	
QN03,2010,1096	
BK28,2011,2589	
BK73,2011,2954	
BX43,2011,2640	
MN15,2011,3874	
NA,2011,18587	
SI32,2011,784	
BK61,2012,10165	
BX31,2012,1331	
MN03,2012,7067	
QN18,2012,1228	
QN63,2012,1371	
BK88,2013,2292	
QN08,2013,2755	
QN53,2013,2394	
BK76,2014,1550	
BX46,2014,1334	
QN41,2014,404	
SI35,2014,891	
BX36,2015,3031	
QN31,2015,2988	
QN68,2015,1504	
SI25,2015,582	
BK34,2006,2516	
MN21,2006,2030	
MN11,2007,5043	
QN26,2007,2161	
QN71,2007,1306	
BK96,2008,3095	
MN01,2008,2454	
QN61,2008,4818	
QN98,2008,440	
BX09,2009,4724	
BX09,2010,4784	
BK29,2011,1796	
BX44,2011,3800	
QN76,2011,2072	
BK17,2012,2928	
BK99,2012,955	
MN04,2012,3831	
QN19,2012,1486	
BX22,2013,633	
BX59,2013,1521	
QN54,2013,3278	
SI11,2013,731	
SI48,2013,546	
BK40,2014,482	
BK77,2014,3216	
BX10,2014,978	
MN19,2014,2216	
QN42,2014,486	
SI36,2014,962	
BK30,2015,1036	
BX37,2015,1868	
MN09,2015,2261	
BK35,2006,5624	
BX05,2006,4383	
MN22,2006,3233	
QN37,2006,1377	
BK25,2007,1700	
BX40,2007,3408	
MN12,2007,6235	
QN27,2007,1305	
QN72,2007,1746	
BK60,2008,4603	
BX30,2008,2294	
QN17,2008,2307	
QN62,2008,634	
QN99,2008,825	
BK85,2009,3349	
BX55,2009,3347	
MN27,2009,3397	
QN05,2009,979	
QN50,2009,932	
BK85,2010,3314	
BX55,2010,3433	
MN27,2010,3620	
QN05,2010,946	
QN50,2010,957	
BK75,2011,5478	
MN17,2011,13735	
MN99,2011,1142	
BK63,2012,2369	
BX33,2012,2729	
MN50,2012,188	
SI22,2012,3214	
MN40,2013,2758	
QN55,2013,4029	
SI12,2013,1956	
BK41,2014,970	
BK78,2014,5088	
QN43,2014,645	
SI37,2014,2039	
BK31,2015,3373	
BK68,2015,2478	
BX01,2015,3134	
QN33,2015,762	
BK81,2006,6643	
BX06,2006,2037	
MN23,2006,7039	
QN01,2006,2633	
QN38,2006,1442	
BK26,2007,1389	
BX41,2007,5223	
MN13,2007,8198	
QN28,2007,4892	
BK61,2008,9707	
BX31,2008,1415	
MN03,2008,8244	
QN18,2008,1108	
QN63,2008,1844	
MN28,2009,4890	
QN06,2009,1014	
QN51,2009,1346	
SI45,2009,1321	
MN28,2010,4642	
QN06,2010,912	
QN51,2010,1171	
SI45,2010,1143	
BK76,2011,1424	
BX46,2011,1608	
QN41,2011,509	
SI35,2011,882	
BK19,2012,1451	
BK64,2012,801	
BX34,2012,4736	
MN06,2012,2406	
QN66,2012,1095	
BK09,2013,865	
QN56,2013,1092	
BK42,2014,5129	
BK79,2014,3841	
BX49,2014,1449	
QN44,2014,451	
SI01,2014,783	
BK32,2015,2877	
BK69,2015,1881	
BX39,2015,6607	
QN34,2015,2059	
SI28,2015,1401	
BK37,2006,3738	
BK82,2006,8397	
BX07,2006,2054	
BX52,2006,2275	
MN24,2006,5439	
NA,2006,24444	
QN02,2006,1262	
BK27,2007,1394	
BK72,2007,835	
MN14,2007,2614	
QN29,2007,3951	
BK17,2008,3387	
BK99,2008,1008	
MN04,2008,4096	
QN19,2008,1397	
BK50,2009,4808	
QN07,2009,1024	
QN52,2009,646	
BK50,2010,4677	
QN07,2010,975	
QN52,2010,576	
BK40,2011,662	
BK77,2011,3406	
BX10,2011,975	
MN19,2011,2409	
QN42,2011,584	
SI36,2011,989	
BX35,2012,3343	
QN30,2012,1263	
SI24,2012,1669	
QN20,2013,3411	
QN57,2013,846	
SI14,2013,795	
BK43,2014,1328	
BX13,2014,2031	
QN45,2014,523	
BK33,2015,2013	
BX03,2015,1916	
MN20,2015,2520	
QN35,2015,1153	
BK38,2006,5000	
BK83,2006,2809	
BX08,2006,2901	
MN25,2006,2957	
QN03,2006,1203	
BK28,2007,3007	
BK73,2007,2571	
BX43,2007,2607	
MN15,2007,3759	
SI32,2007,788	
BK63,2008,2585	
BX33,2008,2889	
MN50,2008,198	
SI22,2008,3007	
BK88,2009,2560	
QN08,2009,2418	
QN53,2009,2453	
BK88,2010,2330	
QN08,2010,2532	
QN53,2010,2294	
BK41,2011,1034	
BK78,2011,5108	
QN43,2011,694	
SI37,2011,2200	
BX36,2012,3310	
QN31,2012,2819	
QN68,2012,1698	
SI25,2012,827	
BX26,2013,2457	
QN21,2013,1058	
BK44,2014,1267	
BX14,2014,4589	
MN31,2014,1762	
QN46,2014,1135	
BK34,2015,2344	
MN21,2015,2041	
BX09,2006,4720	
BK29,2007,2206	
BX44,2007,3729	
QN76,2007,2570	
BK19,2008,1713	
BK64,2008,931	
BX34,2008,4648	
MN06,2008,2232	
QN66,2008,1040	
BX22,2009,727	
BX59,2009,1889	
QN54,2009,3074	
SI11,2009,934	
SI48,2009,676	
BX22,2010,761	
BX59,2010,2024	
QN54,2010,2935	
SI11,2010,926	
SI48,2010,614	
BK42,2011,4982	
BK79,2011,4259	
BX49,2011,1557	
QN44,2011,446	
SI01,2011,905	
BK30,2012,1141	
BX37,2012,1928	
MN09,2012,2838	
BX27,2013,3705	
QN22,2013,3224	
BK45,2014,1846	
BK90,2014,2568	
MN32,2014,1495	
QN10,2014,1225	
QN47,2014,333	
BK35,2015,5189	
BX05,2015,4047	
MN22,2015,2643	
QN37,2015,959	
BK85,2006,2967	
BX55,2006,3381	
MN27,2006,3041	
QN05,2006,1035	
QN50,2006,1052	
BK75,2007,5854	
MN17,2007,15215	
MN99,2007,1328	
BX35,2008,3184	
QN30,2008,1097	
SI24,2008,2098	
MN40,2009,2681	
QN55,2009,3594	
SI12,2009,1957	
MN40,2010,2721	
QN55,2010,3437	
SI12,2010,1828	
BK43,2011,1661	
BX13,2011,2100	
QN45,2011,585	
BK31,2012,3554	
BK68,2012,2817	
BX01,2012,2925	
QN33,2012,648	
BK21,2013,2712	
BK58,2013,2829	
BX28,2013,2277	
QN23,2013,714	
SI99,2013,12	
BK46,2014,478	
BK91,2014,2970	
BX98,2014,1354	
MN33,2014,4564	
QN48,2014,500	
SI05,2014,1517	
BK81,2015,6210	
BX06,2015,2116	
MN23,2015,5863	
QN01,2015,2540	
QN38,2015,1053	
MN28,2006,4491	
QN06,2006,1153	
QN51,2006,1272	
SI45,2006,1491	
BK76,2007,1534	
BX46,2007,1738	
QN41,2007,578	
SI35,2007,930	
BX36,2008,4405	
QN31,2008,3765	
QN68,2008,1645	
SI25,2008,820	
BK09,2009,965	
QN56,2009,1197	
BK09,2010,941	
QN56,2010,1207	
BK44,2011,1152	
BX14,2011,5957	
MN31,2011,1730	
QN46,2011,1185	
BK32,2012,2955	
BK69,2012,2311	
BX39,2012,6503	
QN34,2012,2020	
SI28,2012,1260	
BX29,2013,1357	
BX17,2014,3963	
BX62,2014,1965	
BX99,2014,1271	
MN34,2014,7966	
QN12,2014,2654	
QN49,2014,867	
BK37,2015,3112	
BK82,2015,9666	
BX07,2015,1956	
BX52,2015,2181	
MN24,2015,4503	
QN02,2015,2428	
BK50,2006,5307	
QN07,2006,923	
QN52,2006,599	
BK40,2007,653	
BK77,2007,3443	
BX10,2007,997	
MN19,2007,2867	
QN42,2007,724	
SI36,2007,1234	
BK30,2008,1210	
BX37,2008,2186	
MN09,2008,2986	
QN20,2009,3567	
QN57,2009,864	
SI14,2009,715	
QN20,2010,3915	
QN57,2010,856	
SI14,2010,717	
BK45,2011,2087	
BK90,2011,2635	
MN32,2011,1686	
QN10,2011,1039	
QN47,2011,367	
BK33,2012,2450	
BX03,2012,1833	
MN20,2012,2497	
QN35,2012,1109	
BK23,2013,647	
BX75,2013,1866	
QN25,2013,1527	
QN70,2013,3485	
BK93,2014,500	
BX63,2014,3329	
MN35,2014,2680	
SI07,2014,784	
BK38,2015,4472	
BK83,2015,2522	
BX08,2015,2153	
MN25,2015,2748	
QN03,2015,1157	
BK88,2006,2551	
QN08,2006,2672	
QN53,2006,2420	
BK41,2007,1046	
BK78,2007,5113	
QN43,2007,835	
SI37,2007,2072	
BK31,2008,3864	
BK68,2008,2453	
BX01,2008,3033	
QN33,2008,772	
BX26,2009,2879	
QN21,2009,1010	
BX26,2010,2872	
QN21,2010,1016	
BK46,2011,590	
BK91,2011,2683	
BX98,2011,185	
MN33,2011,4605	
QN48,2011,513	
SI05,2011,1384	
BK34,2012,2580	
MN21,2012,1706	
MN11,2013,4838	
QN26,2013,2345	
QN71,2013,1183	
MN36,2014,3925	
SI08,2014,1174	
BX09,2015,4145	
BX22,2006,765	
BX59,2006,1910	
QN54,2006,3055	
SI11,2006,1080	
SI48,2006,848	
BK42,2007,5370	
BK79,2007,3729	
BX49,2007,1666	
QN44,2007,624	
SI01,2007,1060	
BK32,2008,2896	
BK69,2008,2501	
BX39,2008,6695	
QN34,2008,2083	
SI28,2008,1493	
BX27,2009,4057	
QN22,2009,3000	
BX27,2010,3982	
QN22,2010,2926	
BX17,2011,3535	
BX62,2011,1781	
BX99,2011,1307	
MN34,2011,6932	
QN12,2011,2163	
QN49,2011,938	
BK35,2012,6267	
BX05,2012,4508	
MN22,2012,3285	
QN37,2012,972	
BK25,2013,1365	
BX40,2013,2459	
MN12,2013,5192	
QN27,2013,1230	
QN72,2013,1615	
BK95,2014,2443	
QN15,2014,3048	
QN60,2014,711	
SI54,2014,1136	
BK85,2015,2967	
BX55,2015,2590	
MN27,2015,3395	
QN05,2015,1024	
QN50,2015,768	
MN40,2006,3464	
QN55,2006,4220	
SI12,2006,2174	
BK43,2007,1752	
BX13,2007,2209	
QN45,2007,755	
BK33,2008,2370	
BX03,2008,1954	
MN20,2008,3030	
QN35,2008,1566	
BK21,2009,2698	
BK58,2009,3206	
BX28,2009,2664	
QN23,2009,899	
SI99,2009,7	
BK21,2010,2950	
BK58,2010,3144	
BX28,2010,2528	
QN23,2010,818	
SI99,2010,6	
BK93,2011,556	
BX63,2011,3787	
MN35,2011,2769	
SI07,2011,798	
BK81,2012,7514	
BX06,2012,2091	
MN23,2012,6379	
QN01,2012,2667	
QN38,2012,1073	
BK26,2013,1323	
BX41,2013,3997	
MN13,2013,7484	
QN28,2013,4618	
BK96,2014,3632	
MN01,2014,2978	
QN61,2014,5287	
QN98,2014,128	
MN28,2015,4363	
QN06,2015,806	
QN51,2015,993	
SI45,2015,1051	
BK09,2006,853	
QN56,2006,1243	
BK44,2007,1544	
BX14,2007,5970	
MN31,2007,2244	
QN46,2007,1474	
BK34,2008,2590	
MN21,2008,2032	
BX29,2009,1788	
BX29,2010,1409	
MN36,2011,4089	
SI08,2011,1272	
BK37,2012,3625	
BK82,2012,9934	
BX07,2012,2141	
BX52,2012,2043	
MN24,2012,5554	
QN02,2012,1270	
BK27,2013,1025	
BK72,2013,758	
MN14,2013,2673	
QN29,2013,3743	
BK60,2014,4805	
BX30,2014,2054	
NA,2014,19175	
QN17,2014,2024	
QN62,2014,571	
QN99,2014,739	
BK50,2015,4397	
QN07,2015,947	
QN52,2015,580	
QN20,2006,3709	
QN57,2006,1064	
SI14,2006,825	
BK45,2007,2290	
BK90,2007,2423	
MN32,2007,2070	
QN10,2007,1016	
QN47,2007,401	
BK35,2008,6244	
BX05,2008,4667	
MN22,2008,3258	
QN37,2008,1262	
BK23,2009,537	
BX75,2009,1819	
QN25,2009,1434	
QN70,2009,3196	
BK23,2010,717	
BX75,2010,1792	
QN25,2010,1455	
QN70,2010,3393	
BK95,2011,2584	
QN15,2011,2514	
QN60,2011,712	
SI54,2011,1310	
BK38,2012,5004	
BK83,2012,2851	
BX08,2012,2635	
MN25,2012,2901	
QN03,2012,1067	
BK28,2013,2625	
BK73,2013,3241	
BX43,2013,2565	
MN15,2013,4102	
SI32,2013,663	
BK61,2014,9870	
BX31,2014,1368	
MN03,2014,6705	
QN18,2014,1298	
QN63,2014,1755	
BK88,2015,2156	
QN08,2015,2399	
QN53,2015,1973	
